Workbook

Sheet Pending Items
A1: Bank Reconciliation: items we need from Accounting
A2: As of 13-Oct-2026. Figures from the CORECS system (STAGING, the copy of production). The "Bank Accounts" tab has every account's July 31 and August 31 status.
A3: Please answer in the yellow column H ("Your answer"). Row 6 is an example of the kind of answer we need.
A5: No. | B5: Account | C5: Topic | D5: What we found | E5: What we need from you | F5: Amount (PHP) | G5: Reference | H5: Your answer
A6: e.g. | B6: 101020102 BDO PESO 2 | C6: Cheque not in our books | D6: (example row) | E6: (example row) | F6: 15898.47 | G6: X2607-067 / BDO2246143 | H6: Issued 31-Jul-2026, cleared 05-Aug. Please book it.
A7: 1 | B7: 101020102 BDO PESO 2 | C7: July 31 difference | D7: Peachtree's own July 31 reconciliation leaves this amount unreconciled (book is above bank). We loaded the list as sent, so our July 31 shows the same difference. | E7: The entries or items that explain it, so July 31 reconciles to 0.00. | F7: =-'Bank Accounts'!H6 -> 1978452.7 | G7: Peachtree July recon (1st file), sheet BDO PESO 2
A8: 2 | B8: 101020102 BDO PESO 2 | C8: Cheque not in our books | D8: Outstanding cheque X2607-067 dated 31-Jul-2026 is on the Peachtree list, but our opening balance does not include it: our July 31 GL is exactly this much above the sheet. It was left out of the balance forward. | E8: Was the cheque issued? If yes, we book it with a Manual JV (credit the bank) and it becomes an outstanding cheque. If not, no action. | F8: 15898.47 | G8: X2607-067 / BDO2246143 (amount from the Peachtree BDO PESO 2 sheet)
A9: 3 | B9: 101020104 WEALTHBANK | C9: July 31 difference | D9: Both Peachtree files leave this amount unreconciled at July 31 (book above bank). No deposits in transit or outstanding cheques are listed. | E9: The entries or items that explain it. | F9: =-'Bank Accounts'!H8 -> 1000050 | G9: Peachtree July recon, sheet WEALTHBANK
A10: 4 | B10: 101020105 UNION PESO 1 | C10: No July list | D10: GL balance at July 31 (amount). No Peachtree reconciliation received; its July 31 recon period has no statement balance. | E10: July 31 reconciliation: bank statement balance, outstanding cheques, deposits in transit. | F10: ='Bank Accounts'!C9 -> 2000000 | G10: Bank Accounts tab
A11: 5 | B11: 101020103 EASTWEST | C11: No July list | D11: GL balance at July 31 (amount). No Peachtree reconciliation received. | E11: July 31 reconciliation: bank statement balance, outstanding cheques, deposits in transit. | F11: ='Bank Accounts'!C7 -> 83846.36 | G11: Bank Accounts tab
A12: 6 | B12: USD / EUR accounts (8) | C12: No July list + statement rule | D12: MBTC USD 1/2, MBTC EURO 1/2, PNB USD 1/2, PNB EURO 1/2: no Peachtree reconciliation received (amount = their GL total at July 31, in pesos). Our GL is in pesos; the statements are in USD / EUR. | E12: July 31 reconciliations of the 8 accounts, and which figure to enter as the statement balance (the peso equivalent at which rate?). | F12: =SUM('Bank Accounts'!C17:C24) -> 672701.72 | G12: Bank Accounts tab
A13: 7 | B13: 101020111 PNB PESO | C13: Collection date | D13: AR collection ref 31459 (LEOPAR, RODITO) is dated 24-Jul-2026 in our system, but its control no. F2608-24-A reads as 24-Aug. It is why our July 31 GL is 275.00 above Peachtree's (July still reconciles: it is an open deposit item). | E13: The correct date. If it is 24-Aug, we correct it so July matches Peachtree exactly. | F13: 275 | G13: Ref 31459 / control F2608-24-A
A14: 8 | B14: Several accounts | C14: Aug 31 balance = Jul 31 | D14: The August 31 statement balance entered for BDO PESO1, BDO PESO2, WEALTHBANK, MBTC PESO1, MBTC PESO2, PNB PESO is exactly each account's July 31 balance. | E14: The actual August 31 balance per bank statement of each account (August can only be reconciled with it). | G14: Bank Accounts tab, column I
A15: 9 | B15: Several accounts | C15: Aug 31 balance missing | D15: No August 31 statement balance entered yet for: EASTWEST, UNION PESO1, BPI PESO1, PNB PESO2, MBTC USD1, MBTC USD2, MBTC EURO1, MBTC EURO2, PNB USD1, PNB USD2, PNB EURO1, PNB EURO2. | E15: The August 31 bank statement balances. | G15: Bank Accounts tab, column I
A16: 10 | B16: Cash advance 133 | C16: Duplicate cash advance | D16: Cash advance 133 (voucher 627, ref 13157, JUDE DARRY A. DEL RIO) duplicates cash advance 173 (voucher 694, ref 28522), same amount. Its bank items were voided on 08-Oct-2026, but the cash advance is still OUTSTANDING for the full amount. | E16: OK to cancel cash advance 133? | F16: 1294034.2 | G16: CA 133 / CV 627 / ref 13157 (amount = its balance in CORECS)
A17: 11 | B17: 101020111 PNB PESO | C17: Duplicate recon period | D17: An August 31 recon period for PNB PESO exists on branch 008 (no items, created 15-Sep-2026). The real one is on branch 888. | E17: OK to delete the branch 008 period? | G17: Recon period ID 1150
A18: 12 | B18: Non-bank accounts | C18: Recon periods on non-bank accounts | D18: Recon periods were opened on accounts that are not bank accounts: Petty Cash 1010101 (Aug 31, 4 items), AR-Others 101030103 (Aug 31, 1 item), and 10102010 (Sep 30, no items, not in the chart of accounts, created by a test). | E18: Should Petty Cash and AR-Others be reconciled in Bank Recon? If not, OK to delete these periods? | G18: Recon period IDs 1159, 1164, 1142

Sheet Bank Accounts
A1: Bank accounts: July 31 balance forward and August 31 statement balance
A2: Source: CORECS system (STAGING, the copy of production), read 13-Oct-2026. Difference = bank + deposits in transit - outstanding cheques - GL (0.00 = reconciled).
A3: July Peachtree list: 1st file (BDO PESO 1/2, Wealthbank, MBTC 1/2) loaded 07-Oct-2026; 2nd file (BPI PESO 1, PNB PESO, PNB PESO 2) loaded 13-Oct-2026.
A4: Account code | B4: Account | C4: GL balance 31-Jul-2026 (PHP) | D4: July Peachtree list | E4: Bank statement 31-Jul (PHP) | F4: Deposits in transit 31-Jul (PHP) | G4: Outstanding cheques 31-Jul (PHP) | H4: Difference 31-Jul (PHP) | I4: Bank statement 31-Aug entered (PHP) | J4: Check
A5: 101020101 | B5: BDO PESO1 | C5: -3520093.3 | D5: Received (1st file, 07-Oct) | E5: 3703850.1 | F5: 108541.63 | G5: 7332485 | H5: =E5+F5-G5-C5 -> 0 | I5: 3703850.1 | J5: =IF(D5="NOT RECEIVED","Send the July 31 reconciliation",IF(AND(ISNUMBER(H5),ROUND(H5,2)<>0),"July 31 does not reconcile",IF(AND(ISNUMBER(I5),ISNUMBER(E5),I5=E5),"Aug 31 balance = Jul 31 balance: please confirm",IF(AND(C5<>0,NOT(ISNUMBER(I5))),"Aug 31 balance not entered yet","OK")))) -> Aug 31 balance = Jul 31 balance: please confirm
A6: 101020102 | B6: BDO PESO2 | C6: 7405929.1 | D6: Received (1st file, 07-Oct) | E6: 7484719.6 | F6: 488370.09 | G6: 2545613.2 | H6: =E6+F6-G6-C6 -> -1978452.7 | I6: 7484719.6 | J6: =IF(D6="NOT RECEIVED","Send the July 31 reconciliation",IF(AND(ISNUMBER(H6),ROUND(H6,2)<>0),"July 31 does not reconcile",IF(AND(ISNUMBER(I6),ISNUMBER(E6),I6=E6),"Aug 31 balance = Jul 31 balance: please confirm",IF(AND(C6<>0,NOT(ISNUMBER(I6))),"Aug 31 balance not entered yet","OK")))) -> July 31 does not reconcile
A7: 101020103 | B7: EASTWEST | C7: 83846.36 | D7: NOT RECEIVED | J7: =IF(D7="NOT RECEIVED","Send the July 31 reconciliation",IF(AND(ISNUMBER(H7),ROUND(H7,2)<>0),"July 31 does not reconcile",IF(AND(ISNUMBER(I7),ISNUMBER(E7),I7=E7),"Aug 31 balance = Jul 31 balance: please confirm",IF(AND(C7<>0,NOT(ISNUMBER(I7))),"Aug 31 balance not entered yet","OK")))) -> Send the July 31 reconciliation
A8: 101020104 | B8: WEALTHBANK | C8: 1785273.7 | D8: Received (1st file, 07-Oct) | E8: 785223.68 | F8: 0 | G8: 0 | H8: =E8+F8-G8-C8 -> -1000050 | I8: 785223.68 | J8: =IF(D8="NOT RECEIVED","Send the July 31 reconciliation",IF(AND(ISNUMBER(H8),ROUND(H8,2)<>0),"July 31 does not reconcile",IF(AND(ISNUMBER(I8),ISNUMBER(E8),I8=E8),"Aug 31 balance = Jul 31 balance: please confirm",IF(AND(C8<>0,NOT(ISNUMBER(I8))),"Aug 31 balance not entered yet","OK")))) -> July 31 does not reconcile
A9: 101020105 | B9: UNION PESO1 | C9: 2000000 | D9: NOT RECEIVED | J9: =IF(D9="NOT RECEIVED","Send the July 31 reconciliation",IF(AND(ISNUMBER(H9),ROUND(H9,2)<>0),"July 31 does not reconcile",IF(AND(ISNUMBER(I9),ISNUMBER(E9),I9=E9),"Aug 31 balance = Jul 31 balance: please confirm",IF(AND(C9<>0,NOT(ISNUMBER(I9))),"Aug 31 balance not entered yet","OK")))) -> Send the July 31 reconciliation
A10: 101020106 | B10: UNION PESO2 | C10: 0 | D10: Not needed (no balance) | J10: =IF(D10="NOT RECEIVED","Send the July 31 reconciliation",IF(AND(ISNUMBER(H10),ROUND(H10,2)<>0),"July 31 does not reconcile",IF(AND(ISNUMBER(I10),ISNUMBER(E10),I10=E10),"Aug 31 balance = Jul 31 balance: please confirm",IF(AND(C10<>0,NOT(ISNUMBER(I10))),"Aug 31 balance not entered yet","OK")))) -> OK
A11: 101020107 | B11: MBTC PESO1 | C11: 3607263.2 | D11: Received (1st file, 07-Oct) | E11: 4881448.9 | F11: 366478.9 | G11: 1640664.6 | H11: =E11+F11-G11-C11 -> 0 | I11: 4881448.9 | J11: =IF(D11="NOT RECEIVED","Send the July 31 reconciliation",IF(AND(ISNUMBER(H11),ROUND(H11,2)<>0),"July 31 does not reconcile",IF(AND(ISNUMBER(I11),ISNUMBER(E11),I11=E11),"Aug 31 balance = Jul 31 balance: please confirm",IF(AND(C11<>0,NOT(ISNUMBER(I11))),"Aug 31 balance not entered yet","OK")))) -> Aug 31 balance = Jul 31 balance: please confirm
A12: 101020108 | B12: MBTC PESO2 | C12: 4631812.6 | D12: Received (1st file, 07-Oct) | E12: 4650438.4 | F12: 0 | G12: 18625.79 | H12: =E12+F12-G12-C12 -> 0 | I12: 4650438.4 | J12: =IF(D12="NOT RECEIVED","Send the July 31 reconciliation",IF(AND(ISNUMBER(H12),ROUND(H12,2)<>0),"July 31 does not reconcile",IF(AND(ISNUMBER(I12),ISNUMBER(E12),I12=E12),"Aug 31 balance = Jul 31 balance: please confirm",IF(AND(C12<>0,NOT(ISNUMBER(I12))),"Aug 31 balance not entered yet","OK")))) -> Aug 31 balance = Jul 31 balance: please confirm
A13: 101020109 | B13: BPI PESO1 | C13: 1289835.2 | D13: Received (2nd file, 13-Oct) | E13: 2589835.2 | F13: 0 | G13: 1300000 | H13: =E13+F13-G13-C13 -> 0 | J13: =IF(D13="NOT RECEIVED","Send the July 31 reconciliation",IF(AND(ISNUMBER(H13),ROUND(H13,2)<>0),"July 31 does not reconcile",IF(AND(ISNUMBER(I13),ISNUMBER(E13),I13=E13),"Aug 31 balance = Jul 31 balance: please confirm",IF(AND(C13<>0,NOT(ISNUMBER(I13))),"Aug 31 balance not entered yet","OK")))) -> Aug 31 balance not entered yet
A14: 101020110 | B14: BPI PESO2 | C14: 0 | D14: Not needed (no balance) | J14: =IF(D14="NOT RECEIVED","Send the July 31 reconciliation",IF(AND(ISNUMBER(H14),ROUND(H14,2)<>0),"July 31 does not reconcile",IF(AND(ISNUMBER(I14),ISNUMBER(E14),I14=E14),"Aug 31 balance = Jul 31 balance: please confirm",IF(AND(C14<>0,NOT(ISNUMBER(I14))),"Aug 31 balance not entered yet","OK")))) -> OK
A15: 101020111 | B15: PNB PESO | C15: 10407817 | D15: Received (2nd file, 13-Oct) | E15: 8733642.3 | F15: 1674174.7 | G15: 0 | H15: =E15+F15-G15-C15 -> 0 | I15: 8733642.3 | J15: =IF(D15="NOT RECEIVED","Send the July 31 reconciliation",IF(AND(ISNUMBER(H15),ROUND(H15,2)<>0),"July 31 does not reconcile",IF(AND(ISNUMBER(I15),ISNUMBER(E15),I15=E15),"Aug 31 balance = Jul 31 balance: please confirm",IF(AND(C15<>0,NOT(ISNUMBER(I15))),"Aug 31 balance not entered yet","OK")))) -> Aug 31 balance = Jul 31 balance: please confirm
A16: 101020112 | B16: PNB PESO2 | C16: 21195078 | D16: Received (2nd file, 13-Oct) | E16: 21195078 | F16: 0 | G16: 0 | H16: =E16+F16-G16-C16 -> 0 | J16: =IF(D16="NOT RECEIVED","Send the July 31 reconciliation",IF(AND(ISNUMBER(H16),ROUND(H16,2)<>0),"July 31 does not reconcile",IF(AND(ISNUMBER(I16),ISNUMBER(E16),I16=E16),"Aug 31 balance = Jul 31 balance: please confirm",IF(AND(C16<>0,NOT(ISNUMBER(I16))),"Aug 31 balance not entered yet","OK")))) -> Aug 31 balance not entered yet
A17: 101020205 | B17: MBTC USD1 | C17: 234571.77 | D17: NOT RECEIVED | J17: =IF(D17="NOT RECEIVED","Send the July 31 reconciliation",IF(AND(ISNUMBER(H17),ROUND(H17,2)<>0),"July 31 does not reconcile",IF(AND(ISNUMBER(I17),ISNUMBER(E17),I17=E17),"Aug 31 balance = Jul 31 balance: please confirm",IF(AND(C17<>0,NOT(ISNUMBER(I17))),"Aug 31 balance not entered yet","OK")))) -> Send the July 31 reconciliation
A18: 101020206 | B18: MBTC USD2 | C18: 109509.35 | D18: NOT RECEIVED | J18: =IF(D18="NOT RECEIVED","Send the July 31 reconciliation",IF(AND(ISNUMBER(H18),ROUND(H18,2)<>0),"July 31 does not reconcile",IF(AND(ISNUMBER(I18),ISNUMBER(E18),I18=E18),"Aug 31 balance = Jul 31 balance: please confirm",IF(AND(C18<>0,NOT(ISNUMBER(I18))),"Aug 31 balance not entered yet","OK")))) -> Send the July 31 reconciliation
A19: 101020207 | B19: MBTC EURO1 | C19: 67657.79 | D19: NOT RECEIVED | J19: =IF(D19="NOT RECEIVED","Send the July 31 reconciliation",IF(AND(ISNUMBER(H19),ROUND(H19,2)<>0),"July 31 does not reconcile",IF(AND(ISNUMBER(I19),ISNUMBER(E19),I19=E19),"Aug 31 balance = Jul 31 balance: please confirm",IF(AND(C19<>0,NOT(ISNUMBER(I19))),"Aug 31 balance not entered yet","OK")))) -> Send the July 31 reconciliation
A20: 101020208 | B20: MBTC EURO2 | C20: 32657.77 | D20: NOT RECEIVED | J20: =IF(D20="NOT RECEIVED","Send the July 31 reconciliation",IF(AND(ISNUMBER(H20),ROUND(H20,2)<>0),"July 31 does not reconcile",IF(AND(ISNUMBER(I20),ISNUMBER(E20),I20=E20),"Aug 31 balance = Jul 31 balance: please confirm",IF(AND(C20<>0,NOT(ISNUMBER(I20))),"Aug 31 balance not entered yet","OK")))) -> Send the July 31 reconciliation
A21: 101020211 | B21: PNB USD1 | C21: 65585.53 | D21: NOT RECEIVED | J21: =IF(D21="NOT RECEIVED","Send the July 31 reconciliation",IF(AND(ISNUMBER(H21),ROUND(H21,2)<>0),"July 31 does not reconcile",IF(AND(ISNUMBER(I21),ISNUMBER(E21),I21=E21),"Aug 31 balance = Jul 31 balance: please confirm",IF(AND(C21<>0,NOT(ISNUMBER(I21))),"Aug 31 balance not entered yet","OK")))) -> Send the July 31 reconciliation
A22: 101020212 | B22: PNB USD2 | C22: 61463.63 | D22: NOT RECEIVED | J22: =IF(D22="NOT RECEIVED","Send the July 31 reconciliation",IF(AND(ISNUMBER(H22),ROUND(H22,2)<>0),"July 31 does not reconcile",IF(AND(ISNUMBER(I22),ISNUMBER(E22),I22=E22),"Aug 31 balance = Jul 31 balance: please confirm",IF(AND(C22<>0,NOT(ISNUMBER(I22))),"Aug 31 balance not entered yet","OK")))) -> Send the July 31 reconciliation
A23: 101020213 | B23: PNB EURO1 | C23: 45641.19 | D23: NOT RECEIVED | J23: =IF(D23="NOT RECEIVED","Send the July 31 reconciliation",IF(AND(ISNUMBER(H23),ROUND(H23,2)<>0),"July 31 does not reconcile",IF(AND(ISNUMBER(I23),ISNUMBER(E23),I23=E23),"Aug 31 balance = Jul 31 balance: please confirm",IF(AND(C23<>0,NOT(ISNUMBER(I23))),"Aug 31 balance not entered yet","OK")))) -> Send the July 31 reconciliation
A24: 101020214 | B24: PNB EURO2 | C24: 55614.69 | D24: NOT RECEIVED | J24: =IF(D24="NOT RECEIVED","Send the July 31 reconciliation",IF(AND(ISNUMBER(H24),ROUND(H24,2)<>0),"July 31 does not reconcile",IF(AND(ISNUMBER(I24),ISNUMBER(E24),I24=E24),"Aug 31 balance = Jul 31 balance: please confirm",IF(AND(C24<>0,NOT(ISNUMBER(I24))),"Aug 31 balance not entered yet","OK")))) -> Send the July 31 reconciliation
